title,price,supplier,rating,orders,url,image_url
Factory Wholesale New H4 Motorcycle LED Headlight Bulb High Beam 3000K Low Beam 6500K White Auto Headlamp Car LED Light Bulb,"PKR 923-1,213
Min. order: 1 set
1 sold","2 yrs
HK",N/A,N/A,https://www.alibaba.com/product-detail/Factory-Wholesale-New-H4-Motorcycle-LED_1601244701429.html?priceId=1aa0d858c5174a09b91ff4ccc2212ff3,https://s.alicdn.com/@sc04/kf/Hd30f7b1c3cb64db7b40e506301155137k.jpg_300x300.jpg
Car Front Laser Sunshade Interior Accessories for Cars Interior Accessories,"PKR 3,095
Min. order: 1 piece","20 yrs
CN",N/A,N/A,https://www.alibaba.com/product-detail/Car-Front-Laser-Sunshade-Interior-Accessories_62467990275.html?priceId=1aa0d858c5174a09b91ff4ccc2212ff3,https://s.alicdn.com/@sc04/kf/Hbf5949051fd2472bb1dfcb9126c66256w.jpg_300x300.jpg
For AUXITO H4 LED Headlight Bulbs High Low Beam Projector Lens 6000k H4 Perfect High Low Beam LED Headlight Bulbs,"PKR 4,373-5,936
Min. order: 10 sets
16 sold","2 yrs
HK",N/A,N/A,https://www.alibaba.com/product-detail/For-AUXITO-H4-LED-Headlight-Bulbs_1601400409621.html?priceId=1aa0d858c5174a09b91ff4ccc2212ff3,https://s.alicdn.com/@sc04/kf/H8135c6be715941eba9e59080b5b4f6e2A.jpg_300x300.jpg
New Car Interior Accessories Decoration Car Seat Cover Universal Luxury Sport PVC Car Seat Covers,"PKR 18,755
Min. order: 200 sets","12 yrs
CN",N/A,N/A,https://www.alibaba.com/product-detail/New-Car-Interior-Accessories-Decoration-Car_1600638595164.html?priceId=1aa0d858c5174a09b91ff4ccc2212ff3,https://s.alicdn.com/@sc04/kf/H3341c93a60bf462abb9ed5ae1b80ea87n.jpg_300x300.jpg
YUFING Customized A9 300W 26000LM 9005 9006 9012 H1 H4 H7 H11 Auto For Enhanced Visibility Style Led Headlights,"PKR 2,157-2,626
Min. order: 10 pieces
30 sold",N/A,N/A,N/A,https://www.alibaba.com/product-detail/YUFING-Customized-A9-300W-26000LM-9005_1601300814395.html?priceId=1aa0d858c5174a09b91ff4ccc2212ff3,https://s.alicdn.com/@sc04/kf/H2a8cf739f89845d2afce9ac6cf01645cU.jpg_300x300.jpg
Hot Selling Comfortable New Design Car Autos Accessories Interior Decorative Car Seat Cover,"PKR 438-626
Min. order: 500 pieces",N/A,N/A,N/A,https://www.alibaba.com/product-detail/Hot-Selling-Comfortable-New-Design-Car_1600581118426.html?priceId=1aa0d858c5174a09b91ff4ccc2212ff3,https://s.alicdn.com/@sc04/kf/H057733bc30934eb9b56c63cafaea98aeK.jpg_300x300.jpg
Customized Design Factory Direct Sales Car Perfume Airfreshener Diffuser Hanging Paper Car Air Freshener,"PKR 19-51
Min. order: 1,000 bags
83,750 sold",N/A,N/A,N/A,https://www.alibaba.com/product-detail/Customized-Design-Factory-Direct-Sales-Car_1601159772420.html?priceId=1aa0d858c5174a09b91ff4ccc2212ff3,https://s.alicdn.com/@sc04/kf/H0356718f47a64a5da05ac9612469b7eft.jpg_300x300.jpg
certified,"PKR 1,563-1,720
Min. order: 50 pieces",N/A,N/A,N/A,https://www.alibaba.com/product-detail/New-Car-Accessory-USB-with-Dual_1601428784229.html?priceId=1aa0d858c5174a09b91ff4ccc2212ff3,https://s.alicdn.com/@sc04/kf/H311cd55632f849008f79d551a5844f4dI.jpg_300x300.jpg
Car Front Window Sunshade Cover Sun Shade Windshield Visor Windscreen Folding Auto UV Protection Curtain Styling,"PKR 110
Min. order: 20 pieces","16 yrs
CN",N/A,N/A,https://www.alibaba.com/product-detail/Car-Front-Window-Sunshade-Cover-Sun_1601562491324.html?priceId=1aa0d858c5174a09b91ff4ccc2212ff3,https://s.alicdn.com/@sc04/kf/He0d927113afa42c3babd3b9fffca3445U.png_300x300.png
Automatic Custom Car Auto Accessories Gear Shift Knob Steering Wheel Hand Brake,"PKR 954
Min. order: 50 sets
360 sold","10 yrs
CN",N/A,N/A,https://www.alibaba.com/product-detail/Automatic-Custom-Car-Auto-Accessories-Gear_1600159730635.html?priceId=1aa0d858c5174a09b91ff4ccc2212ff3,https://s.alicdn.com/@sc04/kf/H0c0db0c457bf4c15a2b516c67b9799cd1.jpg_300x300.jpg
Dongfeng Nano Box Electric Car Long Endurance Ev Car 430km Right-hand Drive New Energy Vehicle 5-Door 4-Seat Mini SUV Automotive,"PKR 2,618,402-3,222,913
Min. order: 1 set",N/A,N/A,N/A,https://www.alibaba.com/product-detail/Dongfeng-Nano-Box-Electric-Car-Long_1601221090104.html?priceId=1aa0d858c5174a09b91ff4ccc2212ff3,https://s.alicdn.com/@sc04/kf/Hb71787566b894062897ea69e3603fe13L.png_300x300.png
Car Accessories Interior Decoration PU Leather Front Car Seat Covers 9pcs Universal for BMW Ford All-Season Easy Install Full,"PKR 10,225-13,363
Min. order: 1 piece",N/A,N/A,N/A,https://www.alibaba.com/product-detail/Car-Accessories-Interior-Decoration-PU-Leather_1601735201722.html?priceId=1aa0d858c5174a09b91ff4ccc2212ff3,https://s.alicdn.com/@sc04/kf/Hfd51a6c335394446b3109ee59e0fc5fbk.png_300x300.png
689500D020 Automotive Car Tailgate Boot Gas Strut For Toyota Yaris,"PKR 860-4,595
Min. order: 10 pieces",N/A,N/A,N/A,https://www.alibaba.com/product-detail/689500D020-Automotive-Car-Tailgate-Boot-Gas_60678036960.html?priceId=1aa0d858c5174a09b91ff4ccc2212ff3,https://s.alicdn.com/@sc04/kf/H0c6ed8972da94586b5899a3bbb2a4111y.jpg_300x300.jpg
Luxfit Luxury Full Set Universal Waterproof Leather Car Seat Covers for Cars-All-Season Protection,"PKR 14,379
Min. order: 10 sets","1 yr
CN",N/A,N/A,https://www.alibaba.com/product-detail/Luxfit-Luxury-Full-Set-Universal-Waterproof_1601762049397.html?priceId=1aa0d858c5174a09b91ff4ccc2212ff3,https://s.alicdn.com/@sc04/kf/H9d9f66ec1fef4056a52209c0e6ed7112H.jpg_300x300.jpg
certified,"PKR 935-1,141
Min. order: 10 pieces",N/A,N/A,N/A,https://www.alibaba.com/product-detail/Y6-Perfect-Cutoff-Line-70W-11000Lm_1601720943007.html?priceId=1aa0d858c5174a09b91ff4ccc2212ff3,https://s.alicdn.com/@sc04/kf/Hc2bb91c2a250499abf4974f4f9bca397D.jpg_300x300.jpg
Factory Direct Sales Interior Accessories Universal Car Chair Seat Cover Full Set Luxury Leather Car Seat Covers,"PKR 4,314
Min. order: 1 piece
1 sold","1 yr
CN",N/A,N/A,https://www.alibaba.com/product-detail/Factory-Direct-Sales-Interior-Accessories-Universal_1601671645889.html?priceId=1aa0d858c5174a09b91ff4ccc2212ff3,https://s.alicdn.com/@sc04/kf/H2700ff9013204a4ab283bb613e7cea68E.jpg_300x300.jpg
"Wholesale Cheap Custom Various Air Freshener Hanging,Cartoon Air Freshener,Car Air Freshener Customised","PKR 19-51
Min. order: 1,000 pieces
1,488,355 sold",N/A,N/A,N/A,https://www.alibaba.com/product-detail/Wholesale-Cheap-Custom-Various-Air-Freshener_1600117764115.html?priceId=1aa0d858c5174a09b91ff4ccc2212ff3,https://s.alicdn.com/@sc04/kf/H6b84d34fdeb24298b7fd7b384ec5d57e5.jpg_300x300.jpg
Universal Interior Car Accessories Sunglasses Holder for Car Visor Car Sun Visor Eyeglasses Holder Protective Eyeglass Box,"PKR 1,063
Min. order: 2 pieces
465 sold","5 yrs
CN",N/A,N/A,https://www.alibaba.com/product-detail/Universal-Interior-Car-Accessories-Sunglasses-Holder_1601561107327.html?priceId=1aa0d858c5174a09b91ff4ccc2212ff3,https://s.alicdn.com/@sc04/kf/H8a24ae172ace4f9aa12b5f63458979bd3.jpg_300x300.jpg
Mini Portable Electric Car Tyre Pump With Intelligent Digital Display Air Compressor Electric Air Pump Car Tire Inflator,"PKR 2,782
Min. order: 20 pieces
1 sold","3 yrs
CN",N/A,N/A,https://www.alibaba.com/product-detail/Mini-Portable-Electric-Car-Tyre-Pump_1601253943664.html?priceId=1aa0d858c5174a09b91ff4ccc2212ff3,https://s.alicdn.com/@sc04/kf/He829e57904444b94aeb4649f17a91386y.jpg_300x300.jpg
Fancy Luxury PVC/PU Leather Car Seat Cover Auto Accessories Fit Almost All Cars Including Cushions for Toyota Golf Passat CC,"PKR 8,315
Min. order: 200 sets","9 yrs
CN",N/A,N/A,https://www.alibaba.com/product-detail/Fancy-Luxury-PVC-PU-Leather-Car_1601378718939.html?priceId=1aa0d858c5174a09b91ff4ccc2212ff3,https://s.alicdn.com/@sc04/kf/Hf8b64d3e53cf43d8957fccf47e8e758cb.jpg_300x300.jpg
46pcs Hand Socket Wrench Set Hard Case Combination Ratchet Torque Spanner 1/4-Inch Sockets For Car/Auto Repair Mechanic Tools,"PKR 826
Min. order: 100 pieces
20 sold","3 yrs
CN",N/A,N/A,https://www.alibaba.com/product-detail/46pcs-Hand-Socket-Wrench-Set-Hard_1601296146478.html?priceId=1aa0d858c5174a09b91ff4ccc2212ff3,https://s.alicdn.com/@sc04/kf/Hb6fd40f964b7458bb0062333ce716c8ba.jpg_300x300.jpg
New Car Interior Accessories Decoration Pink Seat Covers With a Two Dolphins,"PKR 3,751-4,064
Min. order: 500 sets","18 yrs
CN",N/A,N/A,https://www.alibaba.com/product-detail/New-Car-Interior-Accessories-Decoration-Pink_1368718938.html?priceId=1aa0d858c5174a09b91ff4ccc2212ff3,https://s.alicdn.com/@sc04/kf/Hc24416f66b2f41d9bbc0947e23e76fb9c.jpg_300x300.jpg
certified,"PKR 876-1,001
Min. order: 4 sets
22 sold",N/A,N/A,N/A,https://www.alibaba.com/product-detail/SDCX-D1211-Front-Brake-Pads-D1211_1600909639780.html?priceId=1aa0d858c5174a09b91ff4ccc2212ff3,https://s.alicdn.com/@sc04/kf/He7549711b5324c8198cc86ae758669b5m.jpg_300x300.jpg
2025 Trending Universal Car Phone Holder | Durable Anti-Slip Mount | 360° Rotation for All Smartphones,"PKR 341
Min. order: 20 pieces",N/A,N/A,N/A,https://www.alibaba.com/product-detail/2025-Trending-Universal-Car-Phone-Holder_1601668030245.html?priceId=1aa0d858c5174a09b91ff4ccc2212ff3,https://s.alicdn.com/@sc04/kf/Hef75712933814b33bb404a884695c4d7H.jpg_300x300.jpg
certified,"PKR 844-1,032
Min. order: 10 pieces
20 sold",N/A,N/A,N/A,https://www.alibaba.com/product-detail/New-Universal-5-6-Speed-Gear_1600526004193.html?priceId=1aa0d858c5174a09b91ff4ccc2212ff3,https://s.alicdn.com/@sc04/kf/Hbfe993298a254ddda5583138c881565bQ.jpg_300x300.jpg
Auto Interior Accessories Car Seat Cushions Universal Artificial Fur Car Seat Covers for Toyota/BMW/Honda/Lada,"PKR 24,537
Min. order: 2 sets",N/A,N/A,N/A,https://www.alibaba.com/product-detail/Auto-Interior-Accessories-Car-Seat-Cushions_1601216683420.html?priceId=1aa0d858c5174a09b91ff4ccc2212ff3,https://s.alicdn.com/@sc04/kf/H1bd3d219944f4e1e8e2d5cf4e273c2f4U.png_300x300.png
Customized Logo Seat Back Organizer Durable Headrest Hook Phone Holder Fashionable ABS Material Hidden Car for Camry,"PKR 266-419
Min. order: 10 pieces","11 yrs
CN",N/A,N/A,https://www.alibaba.com/product-detail/Customized-Logo-Seat-Back-Organizer-Durable_1600474104044.html?priceId=1aa0d858c5174a09b91ff4ccc2212ff3,https://s.alicdn.com/@sc04/kf/Hd28a85e57ed9475f9b836ef3abe16cf3G.jpg_300x300.jpg
Yunteng Universal Automatic Car Shifter Accessories Adjustable 5-Speed Button Style Gear Shift Knob Manual Transmission Aluminum,"PKR 1,001
Min. order: 8 pieces","8 yrs
CN",N/A,N/A,https://www.alibaba.com/product-detail/Yunteng-Universal-Automatic-Car-Shifter-Accessories_1601697939905.html?priceId=1aa0d858c5174a09b91ff4ccc2212ff3,https://s.alicdn.com/@sc04/kf/Hc05eb4dd4b314f3f9d795b0f29ee7b3fr.jpg_300x300.jpg
Factory Hot-Selling Car Interior Accessories Universal Polyester Fabric Decoration Car Seat Cover in Full Set and Wellfit,"PKR 2,814-3,189
Min. order: 100 pieces",N/A,N/A,N/A,https://www.alibaba.com/product-detail/Factory-Hot-Selling-Car-Interior-Accessories_1600904550719.html?priceId=1aa0d858c5174a09b91ff4ccc2212ff3,https://s.alicdn.com/@sc04/kf/Hc6d3bf5ad4ef4e86ab0e50509af1e404l.png_300x300.png
Hot Selling Leather Modern Business Universal Car Interior Accessories Full Set 5pcs Car Seats Cover Car,"PKR 9,374
Min. order: 1 set
2 sold",N/A,N/A,N/A,https://www.alibaba.com/product-detail/Hot-Selling-Leather-Modern-Business-Universal_1600483741985.html?priceId=1aa0d858c5174a09b91ff4ccc2212ff3,https://s.alicdn.com/@sc04/kf/H3034e65f10f145deb22f3657f1b150a5l.jpg_300x300.jpg
