theme,url,img,lines,author
"Baby Crib Mobile for Girls, Soft Plush Woodland Characters Rabbit Elephant Bear Sheep, Pink and White Nursery Decor, Calming Soother with 12 Lullabies Essential and Perfect Gift for Girls",N/A,https://m.media-amazon.com/images/I/61GHhvHIudL._AC_UL320_.jpg,N/A,N/A
Moto G Power 5G | 2024 | Unlocked | Made for US 8/128GB | 50MP Camera | Midnight Blue,N/A,https://m.media-amazon.com/images/I/61c9OZyq2yL._AC_UL320_.jpg,N/A,N/A
"The Peanutshell Crib Mobile for Girls - Pink and White Musical Baby Crib Mobile with 12 Lullabies, Forest Baby Little Forest Nursery Decor",N/A,https://m.media-amazon.com/images/I/61f3IuW8TzL._AC_UL320_.jpg,N/A,N/A
"Samsung Galaxy A17 5G Smart Phone, 128GB, Large AMOLED, High-Res Camera, Durable Design, Super Fast Charging, Expandable Storage, Circle to Search, 2025, US 1 Yr Manufacturer Warranty, Gray",N/A,https://m.media-amazon.com/images/I/61n9YE0kF3L._AC_UL320_.jpg,N/A,N/A
"Bora Portamate Mobile Base Kit PM-1100 - Heavy Duty, Universal, Customizable, Adjustable Rolling Set, Dolly Roller Frame and Casters for Moving Equipment, Tools, Machines - 400 lb Capacity",N/A,https://m.media-amazon.com/images/I/512eatIUatL._AC_UL320_.jpg,N/A,N/A
"Samsung Galaxy A16 4G Dual SIM (128GB, 2025) 6.7"" 90Hz AMOLED, Splash Resistant, 8Core, 50MP Camera (Factory Unlocked International Model for GSM, Global) A165M/DS (25W Fast Charger Bundle, Grey)",N/A,https://m.media-amazon.com/images/I/51qEkCjW6wL._AC_UL320_.jpg,N/A,N/A
N/A,https://www.amazon.com/Mobile/dp/B0794Y5MQ6/ref=sr_1_7?dib=eyJ2IjoiMSJ9.udV79uwxuBRTlJ6tck7gKqiWucHCWE4tMYfx4Z5XDlblYhclmO-m3PYbrES7PibbPg5KtFZq8O5yvWUfVbovnl25wGEKw_lBV9z6bFVKitna7VunxesupGVnby_665MJyo6UOvegLdTD-SXSqiRpqt1gYfyRpUmxD06RFNRjoAsBVSaJR-yBRTEeOVGKQyZIOdSXQ5BZrFoneYOYJFVLSaaYGj89du4mdC6JOTFqwF6xxAxI-Cqq6VI0KIKN-g2zxpTqFdsJxX4vNozMcyztBLmuoBoDcA93U_KtaAAqxEI.lniFh1GUeZd9B0W4OXSBu9fC2zj1f3eB0iz5rRA4DrE&dib_tag=se&keywords=mobile&qid=1778067313&sr=8-7,https://m.media-amazon.com/images/I/717pAxe65QL._AC_UL320_.jpg,N/A,N/A
"SAMSUNG Galaxy A16 4G LTE (128GB + 4GB) International Model SM-A165F/DS Factory Unlocked 6.7"" Dual Sim 50MP Dual Cam (Case Bundle) (Gray)",N/A,https://m.media-amazon.com/images/I/51LheCFu1dL._AC_UL320_.jpg,N/A,N/A
N/A,https://www.amazon.com/Mobile-Suit-Gundam-GQuuuuuuX/dp/B0DMZD1ZK8/ref=sr_1_9?dib=eyJ2IjoiMSJ9.udV79uwxuBRTlJ6tck7gKqiWucHCWE4tMYfx4Z5XDlblYhclmO-m3PYbrES7PibbPg5KtFZq8O5yvWUfVbovnl25wGEKw_lBV9z6bFVKitna7VunxesupGVnby_665MJyo6UOvegLdTD-SXSqiRpqt1gYfyRpUmxD06RFNRjoAsBVSaJR-yBRTEeOVGKQyZIOdSXQ5BZrFoneYOYJFVLSaaYGj89du4mdC6JOTFqwF6xxAxI-Cqq6VI0KIKN-g2zxpTqFdsJxX4vNozMcyztBLmuoBoDcA93U_KtaAAqxEI.lniFh1GUeZd9B0W4OXSBu9fC2zj1f3eB0iz5rRA4DrE&dib_tag=se&keywords=mobile&qid=1778067313&sr=8-9,https://m.media-amazon.com/images/I/91ZMTpHVnlL._AC_UL320_.jpg,N/A,N/A
N/A,https://www.amazon.com/Mobile-Suit-Gundam/dp/B0CGZYLF5Q/ref=sr_1_10?dib=eyJ2IjoiMSJ9.udV79uwxuBRTlJ6tck7gKqiWucHCWE4tMYfx4Z5XDlblYhclmO-m3PYbrES7PibbPg5KtFZq8O5yvWUfVbovnl25wGEKw_lBV9z6bFVKitna7VunxesupGVnby_665MJyo6UOvegLdTD-SXSqiRpqt1gYfyRpUmxD06RFNRjoAsBVSaJR-yBRTEeOVGKQyZIOdSXQ5BZrFoneYOYJFVLSaaYGj89du4mdC6JOTFqwF6xxAxI-Cqq6VI0KIKN-g2zxpTqFdsJxX4vNozMcyztBLmuoBoDcA93U_KtaAAqxEI.lniFh1GUeZd9B0W4OXSBu9fC2zj1f3eB0iz5rRA4DrE&dib_tag=se&keywords=mobile&qid=1778067313&sr=8-10,https://m.media-amazon.com/images/I/61i3EKCEpLL._AC_UL320_.jpg,N/A,N/A
"Samsung Galaxy S26 Ultra, Unlocked Android Smartphone, 512GB, Privacy Display, Galaxy AI, AI Camera, Super Fast Charging 3.0, Durable Battery, 2026, US 1 Year Warranty, Black",N/A,https://m.media-amazon.com/images/I/61UnzIc+97L._AC_UL320_.jpg,N/A,N/A
Motorola Moto G Play | 2024 | Unlocked | Made for US 4/64GB | 50MP Camera | Sapphire Blue,N/A,https://m.media-amazon.com/images/I/61xk4XNRktL._AC_UL320_.jpg,N/A,N/A
Mobile Homes,N/A,https://m.media-amazon.com/images/I/71bhI5FuKsL._AC_UL320_.jpg,N/A,N/A
"Samsung Galaxy A17 5G Smart Phone, 128GB, Large AMOLED, High-Res Camera, Durable Design, Super Fast Charging, Expandable Storage, Circle to Search, 2025, US 1 Yr Manufacturer Warranty, Blue",N/A,https://m.media-amazon.com/images/I/710u7UnAyWL._AC_UL320_.jpg,N/A,N/A
"DJI Osmo Mobile 7P Gimbal Stabilizer for iPhone, Android, Native Tracking, Lighting, 3-Axis Phone Gimbal, Quick Launch, One-Tap Edit, Built-in Extension Rod & Tripod, 10hrs Use, Phone Charging",N/A,https://m.media-amazon.com/images/I/61iywJZXGNL._AC_UL320_.jpg,N/A,N/A
"The Peanutshell Crib Mobile for Boys or Girls - Woodgrain Musical Baby Crib Mobile with 12 Lullabies, Whimsical Woodland Baby Whimsical Woodland Nursery Decor",N/A,https://m.media-amazon.com/images/I/61bjCJOeYZL._AC_UL320_.jpg,N/A,N/A
"Baby Crib Mobile with Music and Lights - Rotating Musical Mobile for Crib with Star Projector, Calming Lullabies, Nature Sounds - Nursery Crib Toys for Newborn Boys and Girls Ages 0-5 Months",N/A,https://m.media-amazon.com/images/I/61ZLmwuYuDL._AC_UL320_.jpg,N/A,N/A
"I25 Ultra 5G Unlocked Smartphone,16GB+512GB 7000mAh Fully Cell Phone for Android 14, 6.99"" HD Screen Unlocked Cell Phone, 68MP+108MP Dual Camera/Dual SIM/Fingerprint (Green)",N/A,https://m.media-amazon.com/images/I/71GbuFFZJzL._AC_UL320_.jpg,N/A,N/A
"Fadnou S25 Ultra Unlocked Cell Phone, Built in Pen, Smartphone Battery 7000mAh, 6.99"" HD Screen Unlocked Phones, 16+512GB 5G The Phone Android 14, Face ID/Fingerprint Lock/GPS (Gray)",N/A,https://m.media-amazon.com/images/I/71em3M55t+L._AC_UL320_.jpg,N/A,N/A
"UMIDIGI A9 Pro Unlocked Cell Phone, Helio P60, 6GB+128GB Expandable 256GB, 6.3 Inch FHD Touch Screen, Double-Sided 2.5D Curved Glass, 48MP Quad Camera, 4150mAh, Dual SIM 4G Volte",N/A,https://m.media-amazon.com/images/I/71+byWAZeqL._AC_UL320_.jpg,N/A,N/A
"Samsung Galaxy A17 5G Smart Phone, 128GB, Large AMOLED, High-Res Camera, Durable Design, Super Fast Charging, Expandable Storage, Circle to Search, 2025, US 1 Yr Manufacturer Warranty, Black",N/A,https://m.media-amazon.com/images/I/71Ss7HzbhUL._AC_UL320_.jpg,N/A,N/A
"The Peanutshell Crib Mobile for Girls - Pink Musical Baby Crib Mobile with 12 Lullabies, Flower Baby Mobile Crib Pink Floral Nursery Decor",N/A,https://m.media-amazon.com/images/I/61YXrl22ofL._AC_UL320_.jpg,N/A,N/A
Mobile Suit Gundam: Cucuruz Doan's Island - Blu-ray,N/A,https://m.media-amazon.com/images/I/81GCDbiXDML._AC_UL320_.jpg,N/A,N/A
Moto G - 2025 | Unlocked | Made for US 4/128GB | 50MP Camera | Forest Gray,N/A,https://m.media-amazon.com/images/I/8160OiLlJEL._AC_UL320_.jpg,N/A,N/A
"8849 Tank X Rugged Smartphone 5G, IP68 Waterproof Android 15 Unlocked Mobile Cell Phones with 220 Lumens Projector, 32GB+512GB, 6.78’’ 120Hz Screen, 17600mAh(120W)/1200LM Camping Light/GPS/OTG",N/A,https://m.media-amazon.com/images/I/71Emk6EEO+L._AC_UL320_.jpg,N/A,N/A
"FOSSIBOT F110Pro 5G Rugged Phone Android 15, 128dB Louder Speaker, 10000mAh Battery Rugged Smartphone Unlocked, MTK Dimensity 6300+, 20GB+128GB/2TB Cell Phone, 6.745"" Display, 50MP Camera, Dual SIM",N/A,https://m.media-amazon.com/images/I/711dvSq-1lL._AC_UL320_.jpg,N/A,N/A
"TCL 60 XE NXTPAPER 5G Cell Phone, AT&T, T-Mobile & Verizon Unlocked Android Smartphone, 8GB+128GB, 6.8"" 120Hz Paper-Like Display, AI Features, 5010mAh Battery, Advanced Camera System, Space Blue",N/A,https://m.media-amazon.com/images/I/81IrxvqffWL._AC_UL320_.jpg,N/A,N/A
"OEJBK I25 Ultra: Powerhouse 16GB/512GB, 2-Day 7000mAh Battery, Huge 6.99"" Android 14 Phone w/Built-in Stylus - Your All-in-One Device The Superior Choice (Titanium Orange)",N/A,https://m.media-amazon.com/images/I/71VJHf48FcL._AC_UL320_.jpg,N/A,N/A
"DJI Osmo Mobile 8 Advanced Tracking Combo Gimbal Stabilizer for Phone, AI Native Tracking with Audio & Lighting, 360° Pan Rotation, Built-in Extension Rod & Tripod, 10h Battery, Extension Rod",N/A,https://m.media-amazon.com/images/I/612zsTP6aOL._AC_UL320_.jpg,N/A,N/A
"DJI Mic Mini (2 TX + 1 Mobile RX), Wireless Lavalier Microphone for iPhone 17/16/15 & Android/PC/Tablet, Plug-and-Play, 300m Transmission, Ultralight, Active Noise Cancelling, YouTube, Vlog, Streaming",N/A,https://m.media-amazon.com/images/I/51JP03zQsTL._AC_UL320_.jpg,N/A,N/A
"The Peanutshell Crib Mobile for Boys or Girls - White Musical Baby Crib Mobile with 12 Lullabies, Jungle Animal, Baby Safari Animals Nursery Decor",N/A,https://m.media-amazon.com/images/I/618eKnH62AL._AC_UL320_.jpg,N/A,N/A
"The Peanutshell Crib Mobile for Boys or Girls - Light and Dark Blue Musical Baby Crib Mobile with 12 Lullabies, Ocean Baby Nautical Nursery Decor",N/A,https://m.media-amazon.com/images/I/61X69IcpmgL._AC_UL320_.jpg,N/A,N/A
"I25 Ultra 5G Smartphone, 8+256GB Unlocked Phone, Android 14.0, 68+108MP Zoom Camera, Mobile Phone with Build-in Pen,Long Battery Life 7000mAh, Dual SIM, 6.99“ HD Screen,5G/4G (Titanium Orange)",N/A,https://m.media-amazon.com/images/I/717INVqaWPL._AC_UL320_.jpg,N/A,N/A
Motorola Edge | 2023 | Unlocked | Made for US 8/256GB | 50MP Camera | Eclipse Black,N/A,https://m.media-amazon.com/images/I/61w-1c1nOzL._AC_UL320_.jpg,N/A,N/A
Baby Mobile for Crib – Handmade Hanging Felt Nursery Mobile – Fits Most Crib Arms – Gender-Neutral Boho Nursery Decor & Baby Gift,N/A,https://m.media-amazon.com/images/I/61qYbLsaldL._AC_UL320_.jpg,N/A,N/A
"Crib Mobile 35 Lullaby Music, Cotton Baby Mobiles for Cribs & Pack N Play, Easy to Install, Stuffed Animals Hanging Toys Newborn Boys & Girls, Star Nursery Decor",N/A,https://m.media-amazon.com/images/I/61rs-FHKU5L._AC_UL320_.jpg,N/A,N/A
EERKEOD Baby Crib Mobile Bear Nursery Mobile for Boys Girls Teddy Velvet Mobile Nursery Decor for Infant Bedroom Hanging Baby Mobile for Bassinet Newborn Baby Gift（Brown Bear）,N/A,https://m.media-amazon.com/images/I/71RmUv28dwL._AC_UL320_.jpg,N/A,N/A
N/A,https://www.amazon.com/Mobile-Fighter-G-Gundam/dp/B0CHPPLBN7/ref=sr_1_38?dib=eyJ2IjoiMSJ9.udV79uwxuBRTlJ6tck7gKqiWucHCWE4tMYfx4Z5XDlblYhclmO-m3PYbrES7PibbPg5KtFZq8O5yvWUfVbovnl25wGEKw_lBV9z6bFVKitna7VunxesupGVnby_665MJyo6UOvegLdTD-SXSqiRpqt1gYfyRpUmxD06RFNRjoAsBVSaJR-yBRTEeOVGKQyZIOdSXQ5BZrFoneYOYJFVLSaaYGj89du4mdC6JOTFqwF6xxAxI-Cqq6VI0KIKN-g2zxpTqFdsJxX4vNozMcyztBLmuoBoDcA93U_KtaAAqxEI.lniFh1GUeZd9B0W4OXSBu9fC2zj1f3eB0iz5rRA4DrE&dib_tag=se&keywords=mobile&qid=1778067313&sr=8-38,https://m.media-amazon.com/images/I/717PtcwYHmL._AC_UL320_.jpg,N/A,N/A
"Apple iPhone 14, 128GB, Midnight - Unlocked (Renewed)",N/A,https://m.media-amazon.com/images/I/41dhmioffWL._AC_UL320_.jpg,N/A,N/A
MERCURY Marine SmartCraft Connect Mobile - Outboard Connected Boat Engine System,N/A,https://m.media-amazon.com/images/I/51V5ZeXgBlL._AC_UL320_.jpg,N/A,N/A
"Razer Basilisk Mobile Portable Ergonomic Wireless Gaming Mouse: 10 Programmable Controls HyperScroll - Optical Switches Gen-3 - Long Battery Life - AI Prompt - 2.4 GHz, Bluetooth, USB C",N/A,https://m.media-amazon.com/images/I/71PzwGg6WhL._AC_UL320_.jpg,N/A,N/A
Mobil 1 M1-212A Extended Performance Oil Filter,N/A,https://m.media-amazon.com/images/I/816+CdN1vrL._AC_UL320_.jpg,N/A,N/A
"DJI Osmo Mobile 7 Gimbal Stabilizer for iPhone, Android, Built-in Tripod, Portable Stabilizer for iPhone, Selfie Stick, 3-Axis Phone Gimbal, ActiveTrack 7.0, One-Tap Edit, 10hrs Use, Phone Charging",N/A,https://m.media-amazon.com/images/I/61KyU5QgXXL._AC_UL320_.jpg,N/A,N/A
"Mobil 1 Turbo Diesel Truck Full Synthetic Motor Oil 5W-40, 1 Gal",N/A,https://m.media-amazon.com/images/I/71Wv9jDDozL._AC_UL320_.jpg,N/A,N/A
"HP OfficeJet 250 Wireless Mobile Printer, Scanner, Copier - Black, Battery Included (CZ992A)",N/A,https://m.media-amazon.com/images/I/61kb2QMNgUL._AC_UL320_.jpg,N/A,N/A
"Mobil 1 Extended Performance Oil Filter, M1-110A | Synthetic Blend, High Efficiency 20,000 Mile Protection | 2 Pack",N/A,https://m.media-amazon.com/images/I/612FUW-odRL._AC_UL320_.jpg,N/A,N/A
Unlock Mobility 7 Postures: 7 Postures,N/A,https://m.media-amazon.com/images/I/61wVPWMNc9L._AC_UL320_.jpg,N/A,N/A
"TCL 60 XE NXTPAPER 5G Cell Phone, AT&T, T-Mobile & Verizon Unlocked Android Smartphone, 8GB+256GB, 6.8"" 120Hz Paper-Like Display, AI Features, 5010mAh Battery, Advanced Camera System, Space Blue",N/A,https://m.media-amazon.com/images/I/81IrxvqffWL._AC_UL320_.jpg,N/A,N/A
Baby Mobile Rotary Music Box Imitation Wood with Rotating Hook Crib Mobile Motor,N/A,https://m.media-amazon.com/images/I/71WAGTOuxtL._AC_UL320_.jpg,N/A,N/A
"Samsung Galaxy A16 5G 128GB Cell Phone, Unlocked Android Smartphone, Large AMOLED Display, Durable Design, Super Fast Charging, Expandable Storage, US Version, 2025, Blue Black (Renewed)",N/A,https://m.media-amazon.com/images/I/71KGkQ+KOKL._AC_UL320_.jpg,N/A,N/A
"The Peanutshell Crib Mobile for Boys or Girls - White and Dark Blue Musical Baby Crib Mobile with 12 Lullabies, Planets Baby Spectacular Space Nursery Decor",N/A,https://m.media-amazon.com/images/I/61yw6KfGPEL._AC_UL320_.jpg,N/A,N/A
"DJI Osmo Mobile 8 Bundle, Gimbal Stabilizer for Phone, Native Tracking with Apple DockKit, 360° Pan Rotation, Built-in Extension Rod & Tripod, 10h Battery, Extension Rod, Foldable 3-Axis Stabilization",N/A,https://m.media-amazon.com/images/I/71QacHtt-CL._AC_UL320_.jpg,N/A,N/A
"DJI Osmo Mobile 6 Smartphone Gimbal Stabilizer, 3-Axis Phone Gimbal, Built-In Extension Rod, Portable and Foldable, Android and iPhone Gimbal with ShotGuides, Vlogging Stabilizer, YouTube TikTok Video",N/A,https://m.media-amazon.com/images/I/61Zj6kAw-9L._AC_UL320_.jpg,N/A,N/A
"Mobil 1 M1-108A Extended Performance Oil Filter, Pack of 2",N/A,https://m.media-amazon.com/images/I/81Urv2-cB+L._AC_UL320_.jpg,N/A,N/A
Floor-Standing Crib Mobile Arm with Music Box - 65 Inch Mobile Arm for Crib - 100% Beech Wood - Crib Mobile Motor - Volume Control - 35 Lullabies - Wooden Nursery Decor - Baby Mobile Hanger,N/A,https://m.media-amazon.com/images/I/615R7rxaKtL._AC_UL320_.jpg,N/A,N/A
Mobil 1 M1-113A Extended Performance Oil Filter (Pack Of 6),N/A,https://m.media-amazon.com/images/I/81OTA7NVTVL._AC_UL320_.jpg,N/A,N/A
"The Peanutshell Crib Mobile for Girls - Wooden Musical Baby Crib Mobile with 12 Lullabies, Wildflower Baby Floral Nursery Decor",N/A,https://m.media-amazon.com/images/I/61ATRhlAprL._AC_UL320_.jpg,N/A,N/A
Mobile Suit Gundam ZZ Collection 1,N/A,https://m.media-amazon.com/images/I/710bZcnSq8L._AC_UL320_.jpg,N/A,N/A
"SAMSUNG Galaxy A16 4G LTE (128GB + 4GB) (for T-Mobile Mint Tello & Global) NFC SM-A165M/DSN Dual Sim Warranty Latin America 6.7"" 50MP Triple Camera (Light Green)",N/A,https://m.media-amazon.com/images/I/41lNtgV1XnL._AC_UL320_.jpg,N/A,N/A
"Crib Mobile Holder, HBM Wooden Mobile Arm & Hanger for Crib, Nursery Decor for Baby Girl Boy",N/A,https://m.media-amazon.com/images/I/51DSml7rCJL._AC_UL320_.jpg,N/A,N/A
